1732981055,Q,1,head
1732981055,R,1,head
1732981055,EB,1,node0
1732981056,EB,1,node1
1732981060,Q,2,head
1732981060,R,2,head
1732981060,EB,2,node2
1732981061,EB,2,node9
1732981061,EB,2,node3
1732981061,EB,2,node7
1732981061,EB,2,node8
1732981061,EB,2,node6
1732981061,EB,2,node4
1732981061,EB,2,node5
1732981065,Q,3,head
1732981065,R,3,head
1732981065,EB,3,node10
1732981066,EB,3,node11
1732981070,Q,4,head
1732981070,R,4,head
1732981070,EB,4,node12
1732981075,Q,5,head
1732981075,R,5,head
1732981075,EB,5,node13
1732981080,Q,6,head
1732981080,R,6,head
1732981080,EB,6,node14
1732981081,EB,6,node15
1732981085,Q,7,head
1732981085,R,7,head
1732981085,EB,7,node16
1732981086,EB,7,node21
1732981086,EB,7,node22
1732981086,EB,7,node19
1732981086,EB,7,node18
1732981086,EB,7,node23
1732981086,EB,7,node17
1732981090,Q,8,head
1732981090,R,8,head
1732981090,EB,8,node24
1732981091,EB,8,node25
1732981095,Q,9,head
1732981095,R,9,head
1732981095,EB,9,node26
1732981096,EB,9,node27
1732981096,EB,9,node29
1732981100,Q,10,head
1732981105,Q,11,head
1732981110,Q,12,head
1732981110,R,12,head
1732981110,EB,12,node30
1732981111,EB,12,node31
1732981115,Q,13,head
1732981120,Q,14,head
1732981125,Q,15,head
1732981130,Q,16,head
1732981135,Q,17,head
1732981140,Q,18,head
1732981145,Q,19,head
1732981150,Q,20,head
1732981155,Q,21,head
1732981156,EE,9,node26
1732981156,EE,9,node29
1732981156,EE,9,node28
1732981158,O,9,head
1732981158,R,10,head
1732981158,EB,10,node26
1732981158,EB,10,node28
1732981158,EB,10,node27
1732981158,EB,10,node29
1732981160,Q,22,head
1732981165,Q,23,head
1732981170,Q,24,head
1732981175,Q,25,head
1732981180,Q,26,head
1732981185,Q,27,head
1732981190,Q,28,head
1732981195,Q,29,head
1732981200,Q,30,head
1732981205,Q,31,head
1732981210,Q,32,head
1732981215,Q,33,head
1732981216,EE,3,node10
1732981216,EE,3,node11
1732981217,O,3,head
1732981217,R,13,head
1732981218,EB,13,node10
1732981218,EB,13,node11
1732981220,Q,34,head
1732981220,EE,1,node0
1732981220,EE,1,node1
1732981221,O,1,head
1732981221,R,21,head
1732981222,EB,21,node0
1732981222,EB,21,node1
1732981225,Q,35,head
1732981230,Q,36,head
1732981235,Q,37,head
1732981237,EE,6,node14
1732981237,EE,6,node15
1732981238,O,6,head
1732981238,R,14,head
1732981239,EB,14,node14
1732981239,EB,14,node15
1732981240,Q,38,head
1732981245,Q,39,head
1732981250,Q,40,head
1732981255,Q,41,head
1732981260,Q,42,head
1732981265,Q,43,head
1732981270,Q,44,head
1732981275,Q,45,head
1732981280,Q,46,head
1732981285,Q,47,head
1732981290,Q,48,head
1732981295,Q,49,head
1732981300,Q,50,head
1732981305,Q,51,head
1732981310,Q,52,head
1732981315,Q,53,head
1732981320,Q,54,head
1732981325,Q,55,head
1732981330,Q,56,head
1732981335,Q,57,head
1732981340,Q,58,head
1732981345,Q,59,head
1732981350,Q,60,head
1732981355,Q,61,head
1732981360,Q,62,head
1732981365,Q,63,head
1732981370,Q,64,head
1732981375,Q,65,head
1732981380,Q,66,head
1732981385,Q,67,head
1732981390,Q,68,head
1732981395,Q,69,head
1732981400,Q,70,head
1732981403,EE,21,node0
1732981403,EE,21,node1
1732981404,O,21,head
1732981404,R,49,head
1732981405,EB,49,node0
1732981405,EB,49,node1
1732981405,Q,71,head
1732981410,Q,72,head
1732981415,Q,73,head
1732981420,Q,74,head
1732981425,Q,75,head
1732981430,Q,76,head
1732981435,Q,77,head
1732981436,EE,2,node2
1732981436,EE,2,node7
1732981436,EE,2,node8
1732981436,EE,2,node9
1732981436,EE,2,node3
1732981436,EE,2,node6
1732981436,EE,2,node4
1732981436,EE,2,node5
1732981437,O,2,head
1732981437,R,11,head
1732981438,EB,11,node2
1732981438,EB,11,node9
1732981438,EB,11,node4
1732981438,EB,11,node8
1732981438,EB,11,node7
1732981438,EB,11,node5
1732981438,EB,11,node3
1732981441,Q,78,head
1732981446,Q,79,head
1732981451,Q,80,head
1732981455,EE,49,node0
1732981455,EE,49,node1
1732981456,Q,81,head
1732981456,O,49,head
1732981456,R,15,head
1732981457,EB,15,node0
1732981457,EB,15,node1
1732981461,Q,82,head
1732981466,Q,83,head
1732981471,Q,84,head
1732981476,Q,85,head
1732981481,Q,86,head
1732981484,EE,12,node30
1732981484,EE,12,node31
1732981485,O,12,head
1732981486,Q,87,head
1732981489,EE,13,node10
1732981489,EE,13,node11
1732981490,O,13,head
1732981490,R,16,head
1732981491,EB,16,node10
1732981491,Q,88,head
1732981491,EB,16,node11
1732981491,EB,16,node31
1732981496,Q,89,head
1732981501,Q,90,head
1732981506,Q,91,head
1732981511,Q,92,head
1732981516,Q,93,head
1732981521,Q,94,head
1732981526,Q,95,head
1732981531,Q,96,head
1732981536,Q,97,head
1732981540,EE,16,node10
1732981540,EE,16,node11
1732981540,EE,16,node30
1732981541,Q,98,head
1732981541,O,16,head
1732981541,R,22,head
1732981541,R,23,head
1732981542,R,53,head
1732981542,EB,22,node30
1732981542,EB,23,node10
1732981542,EB,53,node11
1732981542,EB,22,node31
1732981546,Q,99,head
1732981551,Q,100,head
1732981556,Q,101,head
1732981561,Q,102,head
1732981566,Q,103,head
1732981571,Q,104,head
1732981576,Q,105,head
1732981581,Q,106,head
1732981586,Q,107,head
1732981591,Q,108,head
1732981596,Q,109,head
1732981601,Q,110,head
1732981606,Q,111,head
1732981611,Q,112,head
1732981616,Q,113,head
1732981621,Q,114,head
1732981621,EE,8,node24
1732981621,EE,8,node25
1732981622,O,8,head
1732981622,R,98,head
1732981623,EB,98,node24
1732981626,Q,115,head
1732981631,Q,116,head
1732981631,EE,7,node16
1732981631,EE,7,node17
1732981631,EE,7,node20
1732981631,EE,7,node22
1732981631,EE,7,node19
1732981631,EE,7,node21
1732981632,EE,7,node23
1732981633,O,7,head
1732981633,R,38,head
1732981633,R,74,head
1732981633,EB,38,node16
1732981633,EB,74,node20
1732981633,EB,38,node17
1732981633,EB,38,node18
1732981633,EB,38,node19
1732981633,EB,74,node21
1732981633,EB,74,node22
1732981633,EB,74,node23
1732981636,Q,117,head
1732981641,Q,118,head
1732981646,Q,119,head
1732981651,Q,120,head
1732981656,Q,121,head
1732981661,Q,122,head
1732981666,Q,123,head
1732981671,Q,124,head
1732981676,Q,125,head
1732981677,EE,10,node26
1732981678,EE,10,node28
1732981678,EE,10,node27
1732981679,O,10,head
1732981681,Q,126,head
1732981682,EE,74,node20
1732981683,EE,74,node22
1732981683,EE,74,node21
1732981684,O,74,head
1732981684,EE,98,node24
1732981685,O,98,head
1732981686,Q,127,head
1732981689,EE,38,node16
1732981690,EE,38,node17
1732981690,EE,38,node19
1732981691,O,38,head
1732981691,Q,128,head
1732981696,Q,129,head
1732981701,Q,130,head
1732981706,Q,131,head
1732981708,EE,23,node10
1732981709,EE,53,node11
1732981709,O,23,head
1732981710,O,53,head
1732981710,R,17,head
1732981710,EB,17,node10
1732981711,EB,17,node17
1732981711,EB,17,node11
1732981711,EB,17,node26
1732981711,EB,17,node18
1732981711,EB,17,node19
1732981711,EB,17,node28
1732981711,EB,17,node16
1732981711,EB,17,node29
1732981711,EB,17,node24
1732981711,EB,17,node27
1732981711,EB,17,node20
1732981711,EB,17,node21
1732981711,EB,17,node22
1732981711,Q,132,head
1732981716,Q,133,head
1732981721,Q,134,head
1732981726,Q,135,head
1732981731,Q,136,head
1732981736,Q,137,head
1732981741,Q,138,head
1732981744,EE,14,node14
1732981744,EE,14,node15
1732981745,O,14,head
1732981746,Q,139,head
1732981751,Q,140,head
1732981756,Q,141,head
1732981761,Q,142,head
1732981761,EE,17,node10
1732981761,EE,17,node20
1732981761,EE,17,node24
1732981761,EE,17,node21
1732981761,EE,17,node17
1732981761,EE,17,node29
1732981761,EE,17,node28
1732981761,EE,17,node18
1732981761,EE,17,node23
1732981761,EE,17,node27
1732981761,EE,17,node22
1732981761,EE,17,node11
1732981761,EE,17,node16
1732981761,EE,17,node25
1732981761,EE,17,node26
1732981762,O,17,head
1732981762,R,18,head
1732981762,R,104,head
1732981762,R,136,head
1732981763,EB,104,node28
1732981763,EB,18,node10
1732981763,EB,136,node29
1732981763,EB,18,node15
1732981763,EB,18,node16
1732981763,EB,18,node18
1732981763,EB,18,node26
1732981763,EB,18,node21
1732981763,EB,18,node11
1732981763,EB,18,node22
1732981763,EB,18,node23
1732981763,EB,18,node17
1732981763,EB,18,node14
1732981763,EB,18,node19
1732981763,EB,18,node27
1732981766,Q,143,head
1732981771,Q,144,head
1732981776,Q,145,head
1732981781,Q,146,head
1732981786,Q,147,head
1732981791,Q,148,head
1732981796,Q,149,head
1732981798,EE,4,node12
1732981799,O,4,head
1732981801,Q,150,head
1732981806,Q,151,head
1732981811,Q,152,head
1732981816,Q,153,head
1732981821,EE,136,node29
1732981821,Q,154,head
1732981822,O,136,head
1732981822,R,134,head
1732981822,EB,134,node12
1732981822,EB,134,node29
1732981826,Q,155,head
1732981831,Q,156,head
1732981836,Q,157,head
1732981841,Q,158,head
1732981846,Q,159,head
1732981851,Q,160,head
1732981856,Q,161,head
1732981862,Q,162,head
1732981866,EE,5,node13
1732981867,Q,163,head
1732981867,O,5,head
1732981872,Q,164,head
1732981877,Q,165,head
1732981879,EE,134,node12
1732981879,EE,134,node29
1732981880,O,134,head
1732981880,R,146,head
1732981880,EB,146,node12
1732981880,EB,146,node13
1732981882,Q,166,head
1732981887,Q,167,head
1732981892,Q,168,head
1732981897,Q,169,head
1732981902,Q,170,head
1732981907,Q,171,head
1732981912,Q,172,head
1732981917,Q,173,head
1732981922,Q,174,head
1732981922,EE,104,node28
1732981923,O,104,head
1732981927,Q,175,head
1732981932,Q,176,head
1732981932,EE,146,node12
1732981932,EE,146,node13
1732981933,O,146,head
1732981933,R,19,head
1732981933,EB,19,node12
1732981934,EB,19,node28
1732981934,EB,19,node29
1732981934,EB,19,node13
1732981937,Q,177,head
1732981942,Q,178,head
1732981947,Q,179,head
1732981952,Q,180,head
1732981957,Q,181,head
1732981962,Q,182,head
1732981967,Q,183,head
1732981972,Q,184,head
1732981977,Q,185,head
1732981982,Q,186,head
1732981987,Q,187,head
1732981992,Q,188,head
1732981997,Q,189,head
1732982002,Q,190,head
1732982007,Q,191,head
1732982012,Q,192,head
1732982017,Q,193,head
1732982022,Q,194,head
1732982027,Q,195,head
1732982032,Q,196,head
1732982037,Q,197,head
1732982042,Q,198,head
1732982047,Q,199,head
1732982052,Q,200,head
1732982057,Q,201,head
1732982062,Q,202,head
1732982067,Q,203,head
1732982072,Q,204,head
1732982077,Q,205,head
1732982082,Q,206,head
1732982087,Q,207,head
1732982092,Q,208,head
1732982097,Q,209,head
1732982102,Q,210,head
1732982107,Q,211,head
1732982112,Q,212,head
1732982117,Q,213,head
1732982122,Q,214,head
1732982127,Q,215,head
1732982132,Q,216,head
1732982137,Q,217,head
1732982142,Q,218,head
1732982147,Q,219,head
1732982152,Q,220,head
1732982157,Q,221,head
1732982162,Q,222,head
1732982167,Q,223,head
1732982172,Q,224,head
1732982177,Q,225,head
1732982182,Q,226,head
1732982187,Q,227,head
1732982192,Q,228,head
1732982197,Q,229,head
1732982202,Q,230,head
1732982204,EE,15,node0
1732982204,EE,15,node1
1732982205,O,15,head
1732982207,Q,231,head
1732982212,Q,232,head
1732982217,Q,233,head
1732982222,Q,234,head
1732982227,EE,19,node12
1732982227,EE,19,node13
1732982227,EE,19,node29
1732982227,Q,235,head
1732982228,O,19,head
1732982228,R,20,head
1732982228,R,36,head
1732982228,R,45,head
1732982228,EB,36,node28
1732982228,EB,20,node0
1732982228,EB,45,node29
1732982229,EB,20,node13
1732982229,EB,20,node12
1732982232,Q,236,head
1732982237,Q,237,head
1732982242,Q,238,head
1732982247,Q,239,head
1732982252,Q,240,head
1732982257,Q,241,head
1732982259,EE,11,node2
1732982259,EE,11,node3
1732982259,EE,11,node8
1732982259,EE,11,node7
1732982259,EE,11,node5
1732982259,EE,11,node6
1732982259,EE,11,node4
1732982261,O,11,head
1732982261,R,24,head
1732982261,R,27,head
1732982261,EB,24,node2
1732982261,EB,27,node6
1732982261,EB,24,node5
1732982261,EB,24,node3
1732982261,EB,27,node9
1732982261,EB,27,node7
1732982262,Q,242,head
1732982267,Q,243,head
1732982272,Q,244,head
1732982277,Q,245,head
1732982282,Q,246,head
1732982288,Q,247,head
1732982293,Q,248,head
1732982298,Q,249,head
1732982303,Q,250,head
1732982308,Q,251,head
1732982313,Q,252,head
1732982318,Q,253,head
1732982323,Q,254,head
1732982328,Q,255,head
1732982333,Q,256,head
1732982384,EE,22,node30
1732982384,EE,22,node31
1732982385,O,22,head
1732982386,R,37,head
1732982386,EB,37,node30
1732982386,EB,37,node31
1732982522,EE,18,node10
1732982522,EE,18,node19
1732982522,EE,18,node27
1732982522,EE,18,node25
1732982522,EE,18,node18
1732982522,EE,18,node17
1732982522,EE,18,node22
1732982522,EE,18,node11
1732982524,O,18,head
1732982524,R,25,head
1732982524,R,26,head
1732982524,EB,25,node10
1732982524,EB,26,node20
1732982524,EB,25,node14
1732982524,EB,25,node15
1732982524,EB,25,node18
1732982524,EB,25,node11
1732982524,EB,26,node27
1732982524,EB,26,node24
1732982524,EB,26,node22
1732982524,EB,26,node23
1732982524,EB,26,node21
1732982524,EB,25,node16
1732982524,EB,26,node26
1732982532,EE,27,node6
1732982533,EE,27,node7
1732982533,EE,27,node9
1732982533,EE,27,node8
1732982534,O,27,head
1732982534,R,108,head
1732982534,EB,108,node6
1732982534,EB,108,node8
1732982584,EE,108,node6
1732982584,EE,108,node7
1732982584,EE,108,node9
1732982584,EE,108,node8
1732982585,O,108,head
1732982585,R,119,head
1732982585,EB,119,node6
1732982585,EB,119,node8
1732982585,EB,119,node7
1732982585,EB,119,node9
1732982618,EE,24,node2
1732982619,EE,24,node4
1732982619,EE,24,node3
1732982619,EE,24,node5
1732982620,O,24,head
1732982620,R,148,head
1732982620,R,155,head
1732982620,EB,148,node2
1732982620,EB,155,node4
1732982620,EB,148,node3
1732982620,EB,155,node5
1732982646,EE,119,node6
1732982646,EE,119,node8
1732982646,EE,119,node9
1732982647,O,119,head
1732982660,EE,37,node30
1732982660,EE,37,node31
1732982662,O,37,head
1732982662,R,56,head
1732982662,EB,56,node30
1732982662,EB,56,node31
1732982675,EE,148,node2
1732982676,EE,148,node3
1732982677,O,148,head
1732982678,EE,155,node4
1732982679,EE,155,node5
1732982680,O,155,head
1732982680,R,28,head
1732982680,EB,28,node2
1732982680,EB,28,node5
1732982680,EB,28,node6
1732982680,EB,28,node7
1732982726,EE,45,node29
1732982727,O,45,head
1732982727,R,57,head
1732982727,EB,57,node29
1732982822,EE,26,node20
1732982823,EE,26,node25
1732982823,EE,26,node23
1732982823,EE,26,node24
1732982823,EE,36,node28
1732982824,O,26,head
1732982824,R,29,head
1732982824,EB,29,node20
1732982824,EB,29,node24
1732982824,EB,29,node26
1732982824,EB,29,node25
1732982824,EB,29,node22
1732982824,O,36,head
1732982824,R,59,head
1732982824,EB,59,node28
1732983008,EE,25,node10
1732983009,EE,25,node14
1732983009,EE,25,node17
1732983009,EE,25,node15
1732983009,EE,25,node18
1732983010,O,25,head
1732983010,R,30,head
1732983010,EB,30,node10
1732983010,EB,30,node16
1732983010,EB,30,node14
1732983010,EB,30,node19
1732983010,EB,30,node17
1732983105,EE,57,node29
1732983106,O,57,head
1732983106,R,72,head
1732983106,EB,72,node29
1732983115,EE,20,node0
1732983115,EE,20,node1
1732983115,EE,20,node12
1732983115,EE,20,node13
1732983116,O,20,head
1732983116,R,162,head
1732983117,EB,162,node0
1732983117,EB,162,node13
1732983117,EB,162,node12
1732983144,EE,56,node30
1732983144,EE,56,node31
1732983146,O,56,head
1732983146,R,61,head
1732983146,EB,61,node30
1732983146,EB,61,node31
1732983166,EE,162,node0
1732983166,EE,162,node1
1732983167,O,162,head
1732983167,R,164,head
1732983168,EB,164,node0
1732983168,EB,164,node13
1732983168,EB,164,node1
1732983223,EE,164,node0
1732983223,EE,164,node13
1732983223,EE,164,node1
1732983223,EE,164,node12
1732983225,O,164,head
1732983225,EE,28,node2
1732983225,EE,28,node9
1732983225,EE,28,node3
1732983225,EE,28,node6
1732983225,EE,28,node7
1732983225,EE,28,node8
1732983225,EE,28,node4
1732983225,EE,28,node5
1732983226,O,28,head
1732983231,EE,29,node20
1732983231,EE,29,node26
1732983231,EE,29,node23
1732983231,EE,29,node25
1732983231,EE,29,node22
1732983231,EE,29,node27
1732983232,O,29,head
1732983232,R,31,head
1732983232,R,34,head
1732983232,EB,34,node24
1732983232,EB,31,node0
1732983232,EB,34,node25
1732983232,EB,34,node26
1732983232,EB,34,node27
1732983232,EB,31,node6
1732983232,EB,31,node21
1732983232,EB,31,node20
1732983232,EB,31,node13
1732983232,EB,31,node5
1732983232,EB,31,node1
1732983232,EB,31,node7
1732983232,EB,31,node22
1732983232,EB,31,node3
1732983232,EB,31,node23
1732983232,EB,31,node9
1732983232,EB,31,node12
1732983292,EE,31,node0
1732983292,EE,31,node8
1732983292,EE,31,node21
1732983292,EE,31,node6
1732983292,EE,31,node2
1732983292,EE,31,node7
1732983292,EE,31,node5
1732983292,EE,31,node20
1732983292,EE,31,node13
1732983292,EE,31,node12
1732983292,EE,31,node9
1732983292,EE,31,node4
1732983293,O,31,head
1732983293,R,32,head
1732983293,EB,32,node0
1732983293,EB,32,node9
1732983293,EB,32,node23
1732983293,EB,32,node8
1732983293,EB,32,node1
1732983293,EB,32,node6
1732983293,EB,32,node21
1732983293,EB,32,node2
1732983293,EB,32,node12
1732983293,EB,32,node20
1732983293,EB,32,node4
1732983293,EB,32,node22
1732983293,EB,32,node5
1732983293,EB,32,node7
1732983351,EE,59,node28
1732983352,O,59,head
1732983352,R,83,head
1732983352,EB,83,node28
1732983454,EE,72,node29
1732983456,O,72,head
1732983456,R,84,head
1732983456,EB,84,node29
1732983576,EE,32,node0
1732983576,EE,32,node21
1732983576,EE,32,node3
1732983576,EE,32,node4
1732983576,EE,32,node8
1732983576,EE,32,node20
1732983576,EE,32,node2
1732983576,EE,32,node1
1732983576,EE,32,node12
1732983576,EE,32,node5
1732983576,EE,32,node9
1732983576,EE,32,node22
1732983576,EE,32,node23
1732983576,EE,32,node7
1732983577,O,32,head
1732983577,R,33,head
1732983577,EB,33,node0
1732983577,EB,33,node6
1732983577,EB,33,node13
1732983577,EB,33,node1
1732983577,EB,33,node21
1732983577,EB,33,node3
1732983577,EB,33,node4
1732983577,EB,33,node20
1732983577,EB,33,node22
1732983577,EB,33,node23
1732983577,EB,33,node7
1732983605,EE,34,node24
1732983605,EE,34,node25
1732983605,EE,34,node27
1732983606,O,34,head
1732983606,R,40,head
1732983606,EB,40,node24
1732983606,EB,40,node27
1732983711,EE,84,node29
1732983712,O,84,head
1732983712,R,90,head
1732983712,EB,90,node29
1732983715,EE,61,node30
1732983715,EE,61,node31
1732983717,O,61,head
1732983717,R,69,head
1732983717,EB,69,node30
1732983717,EB,69,node31
1732983733,EE,83,node28
1732983735,O,83,head
1732983735,R,94,head
1732983735,EB,94,node28
1732983755,EE,33,node0
1732983755,EE,33,node9
1732983755,EE,33,node5
1732983755,EE,33,node7
1732983755,EE,33,node12
1732983755,EE,33,node8
1732983755,EE,33,node1
1732983755,EE,33,node4
1732983755,EE,33,node2
1732983755,EE,33,node21
1732983755,EE,33,node22
1732983755,EE,33,node20
1732983755,EE,33,node23
1732983755,EE,33,node3
1732983755,EE,33,node13
1732983755,EE,33,node6
1732983756,O,33,head
1732983756,R,35,head
1732983756,EB,35,node0
1732983756,EB,35,node4
1732983756,EB,35,node9
1732983756,EB,35,node21
1732983756,EB,35,node3
1732983756,EB,35,node8
1732983756,EB,35,node20
1732983756,EB,35,node23
1732983756,EB,35,node6
1732983756,EB,35,node5
1732983756,EB,35,node2
1732983756,EB,35,node12
1732983798,EE,30,node10
1732983799,EE,30,node11
1732983799,EE,30,node18
1732983799,EE,30,node16
1732983799,EE,30,node17
1732983799,EE,30,node19
1732983800,O,30,head
1732983800,R,39,head
1732983800,EB,39,node10
1732983800,EB,39,node18
1732983800,EB,39,node14
1732983800,EB,39,node17
1732984025,EE,94,node28
1732984026,O,94,head
1732984026,R,105,head
1732984026,EB,105,node28
1732984182,EE,39,node10
1732984182,EE,39,node19
1732984182,EE,39,node15
1732984182,EE,39,node17
1732984183,O,39,head
1732984183,R,41,head
1732984183,R,42,head
1732984183,EB,41,node10
1732984183,EB,42,node16
1732984183,EB,41,node14
1732984183,EB,41,node15
1732984183,EB,42,node19
1732984183,EB,42,node17
1732984245,EE,90,node29
1732984246,O,90,head
1732984246,R,111,head
1732984246,EB,111,node29
1732984251,EE,69,node30
1732984251,EE,69,node31
1732984253,O,69,head
1732984253,R,78,head
1732984253,EB,78,node30
1732984253,EB,78,node31
1732984288,EE,105,node28
1732984289,O,105,head
1732984289,R,112,head
1732984289,EB,112,node28
1732984334,EE,40,node24
1732984334,EE,40,node27
1732984334,EE,40,node26
1732984334,EE,40,node25
1732984335,O,40,head
1732984335,R,46,head
1732984335,EB,46,node24
1732984335,EB,46,node27
1732984335,EB,46,node26
1732984345,EE,35,node0
1732984345,EE,35,node8
1732984345,EE,35,node7
1732984345,EE,35,node1
1732984345,EE,35,node9
1732984345,EE,35,node2
1732984345,EE,35,node12
1732984345,EE,35,node21
1732984345,EE,35,node22
1732984345,EE,35,node20
1732984345,EE,35,node13
1732984345,EE,35,node23
1732984345,EE,35,node5
1732984345,EE,35,node6
1732984346,O,35,head
1732984346,R,43,head
1732984346,EB,43,node0
1732984347,EB,43,node2
1732984347,EB,43,node22
1732984347,EB,43,node13
1732984347,EB,43,node3
1732984347,EB,43,node5
1732984347,EB,43,node12
1732984347,EB,43,node21
1732984347,EB,43,node7
1732984347,EB,43,node8
1732984347,EB,43,node4
1732984582,EE,42,node16
1732984582,EE,42,node18
1732984582,EE,42,node17
1732984582,EE,42,node19
1732984583,O,42,head
1732984583,R,77,head
1732984583,EB,77,node16
1732984583,EB,77,node17
1732984740,EE,41,node10
1732984740,EE,41,node15
1732984740,EE,41,node14
1732984740,EE,41,node11
1732984741,O,41,head
1732984752,EE,46,node24
1732984752,EE,46,node27
1732984752,EE,46,node26
1732984752,EE,46,node25
1732984753,O,46,head
1732984753,R,44,head
1732984753,EB,44,node10
1732984753,EB,44,node14
1732984753,EB,44,node11
1732984753,EB,44,node24
1732984753,EB,44,node26
1732984762,EE,77,node16
1732984762,EE,77,node19
1732984762,EE,77,node17
1732984763,O,77,head
1732984763,R,95,head
1732984763,EB,95,node16
1732984763,EB,95,node19
1732984835,EE,112,node28
1732984836,O,112,head
1732984836,R,113,head
1732984836,EB,113,node28
1732984897,EE,43,node0
1732984897,EE,43,node1
1732984897,EE,43,node7
1732984897,EE,43,node20
1732984897,EE,43,node23
1732984897,EE,43,node2
1732984897,EE,43,node5
1732984897,EE,43,node21
1732984897,EE,43,node6
1732984897,EE,43,node4
1732984897,EE,43,node3
1732984897,EE,43,node9
1732984897,EE,43,node13
1732984897,EE,43,node22
1732984898,O,43,head
1732984898,R,47,head
1732984899,EB,47,node0
1732984899,EB,47,node1
1732984899,EB,47,node7
1732984899,EB,47,node21
1732984899,EB,47,node4
1732984899,EB,47,node3
1732984899,EB,47,node2
1732984899,EB,47,node23
1732984899,EB,47,node12
1732984899,EB,47,node5
1732984899,EB,47,node6
1732984899,EB,47,node9
1732984899,EB,47,node20
1732984899,EB,47,node8
1732984933,EE,95,node16
1732984933,EE,95,node17
1732984933,EE,95,node19
1732984933,EE,95,node18
1732984934,O,95,head
1732984934,R,167,head
1732984934,EB,167,node16
1732984934,EB,167,node17
1732984934,EB,167,node19
1732984992,EE,167,node16
1732984992,EE,167,node18
1732984992,EE,167,node17
1732984993,O,167,head
1732984993,R,171,head
1732984993,R,179,head
1732984993,R,183,head
1732984993,EB,171,node16
1732984993,EB,179,node17
1732984993,EB,183,node19
1732984993,EB,179,node18
1732985046,EE,171,node16
1732985047,O,171,head
1732985047,EE,44,node10
1732985047,EE,44,node27
1732985047,EE,44,node25
1732985047,EE,44,node14
1732985047,EE,44,node15
1732985047,EE,44,node24
1732985048,O,44,head
1732985048,R,48,head
1732985048,EB,48,node10
1732985048,EB,48,node24
1732985048,EB,48,node25
1732985048,EB,48,node15
1732985048,EB,48,node16
1732985050,EE,179,node17
1732985050,EE,179,node18
1732985051,EE,183,node19
1732985051,O,179,head
1732985052,O,183,head
1732985052,R,50,head
1732985052,EB,50,node17
1732985052,EB,50,node27
1732985079,EE,113,node28
1732985080,EE,78,node30
1732985081,O,113,head
1732985081,R,132,head
1732985081,EE,78,node31
1732985081,EB,132,node28
1732985082,O,78,head
1732985082,R,79,head
1732985082,EB,79,node30
1732985082,EB,79,node31
1732985137,EE,111,node29
1732985138,O,111,head
1732985138,R,133,head
1732985138,EB,133,node29
1732985169,EE,47,node0
1732985169,EE,47,node9
1732985169,EE,47,node5
1732985169,EE,47,node21
1732985169,EE,47,node1
1732985169,EE,47,node22
1732985169,EE,47,node4
1732985169,EE,47,node2
1732985170,EE,47,node20
1732985170,EE,47,node3
1732985170,EE,47,node8
1732985170,EE,47,node23
1732985170,EE,47,node12
1732985170,EE,47,node13
1732985171,O,47,head
1732985171,R,51,head
1732985171,R,52,head
1732985171,EB,51,node0
1732985171,EB,52,node8
1732985171,EB,51,node3
1732985171,EB,51,node4
1732985171,EB,52,node21
1732985171,EB,51,node5
1732985171,EB,52,node13
1732985171,EB,51,node2
1732985171,EB,52,node23
1732985171,EB,52,node22
1732985171,EB,51,node6
1732985171,EB,52,node9
1732985171,EB,52,node12
1732985171,EB,51,node7
1732985420,EE,52,node8
1732985421,EE,52,node12
1732985421,EE,52,node21
1732985421,EE,52,node13
1732985421,EE,52,node20
1732985421,EE,52,node9
1732985422,O,52,head
1732985422,R,54,head
1732985422,R,60,head
1732985422,EB,54,node8
1732985422,EB,60,node20
1732985422,EB,54,node9
1732985422,EB,54,node12
1732985422,EB,54,node13
1732985422,EB,60,node23
1732985422,EB,60,node21
1732985422,EB,60,node22
1732985451,EE,132,node28
1732985452,O,132,head
1732985452,R,140,head
1732985452,EB,140,node28
1732985504,EE,133,node29
1732985506,O,133,head
1732985506,R,144,head
1732985506,EB,144,node29
1732985551,EE,50,node17
1732985551,EE,50,node19
1732985552,O,50,head
1732985552,R,158,head
1732985552,R,197,head
1732985552,R,220,head
1732985552,EB,158,node27
1732985552,EB,197,node17
1732985552,EB,220,node19
1732985552,EB,197,node18
1732985553,EE,48,node10
1732985553,EE,48,node14
1732985553,EE,48,node11
1732985553,EE,48,node25
1732985553,EE,48,node16
1732985553,EE,48,node15
1732985554,O,48,head
1732985554,R,55,head
1732985554,EB,55,node10
1732985554,EB,55,node14
1732985554,EB,55,node15
1732985554,EB,55,node24
1732985554,EB,55,node16
1732985554,EB,55,node11
1732985603,EE,197,node17
1732985603,EE,197,node18
1732985604,O,197,head
1732985604,R,242,head
1732985604,EB,242,node17
1732985604,EB,242,node18
1732985607,EE,220,node19
1732985608,O,220,head
1732985608,R,243,head
1732985608,EB,243,node19
1732985617,EE,79,node30
1732985618,EE,79,node31
1732985619,O,79,head
1732985619,R,159,head
1732985619,R,253,head
1732985619,EB,159,node31
1732985619,EB,253,node30
1732985655,EE,242,node17
1732985655,EE,242,node18
1732985656,O,242,head
1732985663,EE,243,node19
1732985664,O,243,head
1732985669,EE,253,node30
1732985670,O,253,head
1732985670,R,175,head
1732985670,EB,175,node17
1732985671,EB,175,node30
1732985671,EB,175,node18
1732985671,EB,175,node19
1732985678,EE,51,node0
1732985678,EE,51,node5
1732985678,EE,51,node3
1732985678,EE,51,node7
1732985678,EE,51,node2
1732985678,EE,51,node1
1732985678,EE,51,node6
1732985678,EE,51,node4
1732985679,O,51,head
1732985716,EE,60,node20
1732985716,EE,60,node22
1732985716,EE,60,node23
1732985717,O,60,head
1732985730,EE,175,node17
1732985730,EE,175,node30
1732985730,EE,175,node19
1732985730,EE,175,node18
1732985731,O,175,head
1732985731,R,58,head
1732985732,EB,58,node0
1732985732,EB,58,node1
1732985732,EB,58,node2
1732985732,EB,58,node22
1732985732,EB,58,node4
1732985732,EB,58,node7
1732985732,EB,58,node21
1732985732,EB,58,node20
1732985732,EB,58,node18
1732985785,EE,58,node0
1732985785,EE,58,node30
1732985785,EE,58,node18
1732985785,EE,58,node5
1732985785,EE,58,node22
1732985785,EE,58,node21
1732985785,EE,58,node6
1732985785,EE,58,node3
1732985785,EE,58,node17
1732985785,EE,58,node23
1732985785,EE,58,node4
1732985785,EE,58,node2
1732985785,EE,58,node19
1732985787,O,58,head
1732985787,R,62,head
1732985787,R,135,head
1732985787,EB,62,node0
1732985787,EB,135,node17
1732985787,EB,62,node6
1732985787,EB,62,node4
1732985787,EB,62,node5
1732985787,EB,62,node3
1732985787,EB,62,node1
1732985787,EB,62,node7
1732985787,EB,62,node2
1732985787,EB,135,node18
1732985787,EB,135,node30
1732985787,EB,135,node20
1732985787,EB,135,node23
1732985787,EB,135,node21
1732985787,EB,135,node22
1732985787,EB,135,node19
1732985819,EE,55,node10
1732985819,EE,55,node15
1732985819,EE,55,node25
1732985819,EE,55,node26
1732985819,EE,55,node16
1732985819,EE,55,node24
1732985819,EE,55,node11
1732985820,O,55,head
1732985838,EE,135,node17
1732985839,EE,135,node23
1732985839,EE,135,node22
1732985839,EE,135,node19
1732985839,EE,135,node18
1732985839,EE,135,node20
1732985840,O,135,head
1732985840,R,63,head
1732985840,EB,63,node10
1732985840,EB,63,node18
1732985840,EB,63,node21
1732985840,EB,63,node16
1732985840,EB,63,node20
1732985840,EB,63,node22
1732985840,EB,63,node26
1732985840,EB,63,node23
1732985840,EB,63,node17
1732985840,EB,63,node30
1732985840,EB,63,node14
1732985840,EB,63,node11
1732985840,EB,63,node25
1732985840,EB,63,node19
1732985840,EB,63,node15
1732985855,EE,140,node28
1732985856,O,140,head
1732985856,R,177,head
1732985856,EB,177,node28
1732985869,EE,159,node31
1732985870,O,159,head
1732985870,R,182,head
1732985870,EB,182,node31
1732985936,EE,54,node8
1732985936,EE,54,node12
1732985936,EE,54,node9
1732985936,EE,54,node13
1732985937,O,54,head
1732985937,R,64,head
1732985937,EB,64,node8
1732985937,EB,64,node12
1732985937,EB,64,node13
1732985937,EB,64,node9
1732986236,EE,64,node8
1732986236,EE,64,node12
1732986236,EE,64,node13
1732986237,O,64,head
1732986238,EE,63,node10
1732986238,EE,63,node15
1732986238,EE,63,node18
1732986238,EE,63,node21
1732986238,EE,63,node30
1732986238,EE,63,node20
1732986238,EE,63,node25
1732986238,EE,63,node19
1732986238,EE,63,node24
1732986238,EE,63,node16
1732986238,EE,63,node17
1732986238,EE,63,node22
1732986238,EE,63,node23
1732986238,EE,63,node26
1732986239,O,63,head
1732986239,R,65,head
1732986239,R,67,head
1732986239,EB,65,node8
1732986239,EB,67,node26
1732986239,EB,67,node25
1732986239,EB,67,node30
1732986239,EB,65,node14
1732986239,EB,65,node20
1732986239,EB,65,node15
1732986239,EB,65,node16
1732986239,EB,65,node23
1732986239,EB,65,node13
1732986239,EB,65,node17
1732986239,EB,65,node10
1732986239,EB,65,node12
1732986239,EB,65,node9
1732986239,EB,65,node19
1732986239,EB,65,node18
1732986239,EB,65,node22
1732986263,EE,182,node31
1732986264,O,182,head
1732986264,R,186,head
1732986264,EB,186,node31
1732986282,EE,62,node0
1732986283,EE,62,node6
1732986283,EE,62,node3
1732986283,EE,62,node2
1732986283,EE,62,node5
1732986284,O,62,head
1732986284,R,66,head
1732986284,EB,66,node0
1732986284,EB,66,node5
1732986284,EB,66,node6
1732986284,EB,66,node3
1732986284,EB,66,node1
1732986286,EE,158,node27
1732986287,O,158,head
1732986287,R,198,head
1732986287,EB,198,node27
1732986399,EE,144,node29
1732986400,O,144,head
1732986400,R,187,head
1732986400,EB,187,node29
1732986440,EE,198,node27
1732986441,O,198,head
1732986526,EE,67,node24
1732986526,EE,67,node30
1732986526,EE,67,node25
1732986526,EE,67,node26
1732986527,O,67,head
1732986527,R,68,head
1732986527,R,202,head
1732986527,EB,68,node24
1732986527,EB,202,node30
1732986527,EB,68,node26
1732986527,EB,68,node25
1732986630,EE,186,node31
1732986631,O,186,head
1732986631,R,203,head
1732986631,EB,203,node31
1732986652,EE,187,node29
1732986653,O,187,head
1732986653,R,216,head
1732986653,EB,216,node29
1732986682,EE,202,node30
1732986684,O,202,head
1732986684,R,218,head
1732986684,EB,218,node30
1732986686,EE,177,node28
1732986687,O,177,head
1732986687,R,228,head
1732986687,EB,228,node28
1732986761,EE,65,node8
1732986761,EE,65,node14
1732986761,EE,65,node23
1732986761,EE,65,node21
1732986761,EE,65,node15
1732986761,EE,65,node11
1732986761,EE,65,node17
1732986761,EE,65,node12
1732986761,EE,65,node18
1732986761,EE,65,node16
1732986761,EE,65,node19
1732986761,EE,65,node13
1732986761,EE,65,node9
1732986762,O,65,head
1732986762,R,70,head
1732986762,EB,70,node8
1732986762,EB,70,node17
1732986762,EB,70,node9
1732986762,EB,70,node22
1732986762,EB,70,node12
1732986762,EB,70,node21
1732986762,EB,70,node15
1732986762,EB,70,node10
1732986762,EB,70,node19
1732986762,EB,70,node16
1732986762,EB,70,node13
1732986762,EB,70,node11
1732986762,EB,70,node23
1732986762,EB,70,node14
1732986912,EE,216,node29
1732986913,O,216,head
1732986913,R,233,head
1732986913,EB,233,node29
1732986942,EE,70,node8
1732986942,EE,70,node23
1732986942,EE,70,node11
1732986942,EE,70,node10
1732986942,EE,70,node12
1732986942,EE,70,node15
1732986942,EE,70,node18
1732986942,EE,70,node19
1732986942,EE,70,node16
1732986942,EE,70,node22
1732986942,EE,70,node9
1732986942,EE,70,node13
1732986942,EE,70,node17
1732986943,O,70,head
1732986943,R,71,head
1732986943,EB,71,node8
1732986943,EB,71,node21
1732986943,EB,71,node15
1732986943,EB,71,node18
1732986943,EB,71,node14
1732986943,EB,71,node13
1732986943,EB,71,node17
1732986943,EB,71,node11
1732986943,EB,71,node16
1732986953,EE,228,node28
1732986954,O,228,head
1732986955,R,245,head
1732986955,EB,245,node28
1732987105,EE,245,node28
1732987106,O,245,head
1732987106,R,247,head
1732987107,EB,247,node28
1732987173,EE,66,node0
1732987173,EE,66,node6
1732987173,EE,66,node2
1732987173,EE,66,node4
1732987173,EE,66,node1
1732987173,EE,66,node3
1732987174,O,66,head
1732987174,R,76,head
1732987174,EB,76,node0
1732987174,EB,76,node2
1732987174,EB,76,node3
1732987174,EB,76,node7
1732987174,EB,76,node4
1732987174,EB,76,node1
1732987197,EE,218,node30
1732987198,O,218,head
1732987213,EE,233,node29
1732987215,O,233,head
1732987215,R,87,head
1732987215,EB,87,node29
1732987215,EB,87,node30
1732987267,EE,247,node28
1732987268,O,247,head
1732987307,EE,68,node24
1732987307,EE,68,node25
1732987307,EE,68,node26
1732987308,O,68,head
1732987308,R,91,head
1732987308,R,120,head
1732987308,EB,91,node24
1732987308,EB,120,node26
1732987308,EB,91,node25
1732987308,EB,120,node27
1732987418,EE,76,node0
1732987418,EE,76,node6
1732987418,EE,76,node4
1732987418,EE,76,node2
1732987418,EE,76,node7
1732987418,EE,76,node1
1732987419,O,76,head
1732987419,R,165,head
1732987419,EB,165,node0
1732987419,EB,165,node7
1732987419,EB,165,node5
1732987419,EB,165,node3
1732987419,EB,165,node4
1732987419,EB,165,node1
1732987449,EE,203,node31
1732987451,O,203,head
1732987451,R,138,head
1732987451,EB,138,node28
1732987451,EB,138,node31
1732987481,EE,165,node0
1732987481,EE,165,node3
1732987481,EE,165,node7
1732987481,EE,165,node5
1732987481,EE,165,node6
1732987481,EE,165,node4
1732987481,EE,165,node2
1732987482,O,165,head
1732987482,R,199,head
1732987482,EB,199,node0
1732987482,EB,199,node6
1732987482,EB,199,node7
1732987482,EB,199,node1
1732987482,EB,199,node2
1732987482,EB,199,node3
1732987496,EE,71,node8
1732987496,EE,71,node17
1732987496,EE,71,node10
1732987496,EE,71,node22
1732987496,EE,71,node19
1732987496,EE,71,node11
1732987496,EE,71,node15
1732987496,EE,71,node23
1732987496,EE,71,node13
1732987496,EE,71,node14
1732987496,EE,71,node20
1732987496,EE,71,node21
1732987496,EE,71,node12
1732987496,EE,71,node16
1732987497,O,71,head
1732987497,R,73,head
1732987497,EB,73,node8
1732987497,EB,73,node16
1732987497,EB,73,node15
1732987497,EB,73,node10
1732987497,EB,73,node20
1732987497,EB,73,node11
1732987497,EB,73,node21
1732987497,EB,73,node22
1732987497,EB,73,node14
1732987497,EB,73,node18
1732987497,EB,73,node19
1732987497,EB,73,node13
1732987535,EE,199,node0
1732987535,EE,199,node1
1732987535,EE,199,node5
1732987535,EE,199,node3
1732987535,EE,199,node4
1732987535,EE,199,node6
1732987536,O,199,head
1732987536,R,75,head
1732987536,EB,75,node0
1732987536,EB,75,node4
1732987536,EB,75,node1
1732987536,EB,75,node2
1732987536,EB,75,node3
1732987536,EB,75,node6
1732987652,EE,91,node24
1732987652,EE,91,node25
1732987653,O,91,head
1732987653,R,139,head
1732987653,EB,139,node24
1732987653,EB,139,node25
1732987845,EE,138,node28
1732987845,EE,138,node31
1732987847,O,138,head
1732987847,R,143,head
1732987847,EB,143,node28
1732987847,EB,143,node31
1732988036,EE,87,node29
1732988036,EE,87,node30
1732988038,O,87,head
1732988038,R,145,head
1732988038,EB,145,node29
1732988038,EB,145,node30
1732988043,EE,73,node8
1732988043,EE,73,node16
1732988043,EE,73,node13
1732988043,EE,73,node19
1732988043,EE,73,node20
1732988043,EE,73,node17
1732988043,EE,73,node22
1732988043,EE,73,node21
1732988043,EE,73,node11
1732988043,EE,73,node9
1732988043,EE,73,node15
1732988043,EE,73,node18
1732988043,EE,73,node10
1732988044,O,73,head
1732988044,R,80,head
1732988044,R,81,head
1732988044,EB,80,node8
1732988044,EB,81,node16
1732988045,EB,80,node14
1732988045,EB,80,node13
1732988045,EB,80,node10
1732988045,EB,80,node9
1732988045,EB,81,node23
1732988045,EB,81,node22
1732988045,EB,81,node18
1732988045,EB,81,node20
1732988045,EB,81,node17
1732988045,EB,81,node19
1732988045,EB,80,node12
1732988045,EB,80,node15
1732988176,EE,120,node26
1732988176,EE,120,node27
1732988177,O,120,head
1732988177,R,149,head
1732988177,EB,149,node26
1732988177,EB,149,node27
1732988346,EE,75,node0
1732988346,EE,75,node6
1732988346,EE,75,node4
1732988346,EE,75,node1
1732988346,EE,75,node2
1732988346,EE,75,node5
1732988347,O,75,head
1732988347,R,231,head
1732988347,R,234,head
1732988347,EB,231,node0
1732988347,EB,234,node4
1732988347,EB,231,node2
1732988347,EB,234,node7
1732988347,EB,234,node6
1732988347,EB,234,node5
1732988347,EB,231,node3
1732988347,EB,231,node1
1732988406,EE,231,node0
1732988406,EE,231,node1
1732988406,EE,231,node2
1732988407,EE,234,node4
1732988407,EE,234,node7
1732988407,EE,234,node6
1732988407,O,231,head
1732988408,O,234,head
1732988441,EE,143,node28
1732988441,EE,143,node31
1732988443,O,143,head
1732988443,R,151,head
1732988443,EB,151,node28
1732988443,EB,151,node31
1732988465,EE,80,node8
1732988465,EE,80,node10
1732988465,EE,80,node11
1732988465,EE,80,node13
1732988465,EE,80,node15
1732988465,EE,80,node14
1732988465,EE,80,node9
1732988465,EE,80,node12
1732988466,O,80,head
1732988466,R,82,head
1732988467,EB,82,node0
1732988467,EB,82,node3
1732988467,EB,82,node6
1732988467,EB,82,node2
1732988467,EB,82,node9
1732988467,EB,82,node11
1732988467,EB,82,node12
1732988467,EB,82,node4
1732988467,EB,82,node10
1732988467,EB,82,node14
1732988507,EE,139,node24
1732988507,EE,139,node25
1732988508,O,139,head
1732988508,R,152,head
1732988508,EB,152,node24
1732988508,EB,152,node25
1732988684,EE,152,node24
1732988684,EE,152,node25
1732988685,O,152,head
1732988685,R,173,head
1732988685,EB,173,node24
1732988685,EB,173,node25
1732988702,EE,149,node26
1732988702,EE,149,node27
1732988703,O,149,head
1732988703,R,174,head
1732988703,EB,174,node26
1732988703,EB,174,node27
1732988852,EE,81,node16
1732988852,EE,81,node23
1732988852,EE,81,node17
1732988852,EE,81,node22
1732988852,EE,81,node20
1732988852,EE,81,node19
1732988853,O,81,head
1732988853,R,85,head
1732988853,EB,85,node16
1732988854,EB,85,node17
1732988854,EB,85,node19
1732988854,EB,85,node20
1732988854,EB,85,node21
1732988854,EB,85,node18
1732988936,EE,145,node29
1732988936,EE,145,node30
1732988938,O,145,head
1732988938,R,176,head
1732988938,EB,176,node29
1732988938,EB,176,node30
1732988955,EE,174,node26
1732988955,EE,174,node27
1732988956,O,174,head
1732988956,R,192,head
1732988956,EB,192,node26
1732988956,EB,192,node27
1732988976,EE,173,node24
1732988976,EE,173,node25
1732988977,O,173,head
1732988977,R,206,head
1732988977,EB,206,node24
1732988977,EB,206,node25
1732989105,EE,176,node29
1732989106,EE,176,node30
1732989107,O,176,head
1732989107,R,222,head
1732989107,EB,222,node29
1732989107,EB,222,node30
1732989122,EE,192,node26
1732989122,EE,192,node27
1732989123,O,192,head
1732989146,EE,206,node24
1732989146,EE,206,node25
1732989147,O,206,head
1732989147,R,109,head
1732989147,EB,109,node24
1732989147,EB,109,node27
1732989147,EB,109,node26
1732989268,EE,222,node29
1732989269,EE,222,node30
1732989270,O,222,head
1732989295,EE,109,node24
1732989295,EE,109,node26
1732989295,EE,109,node25
1732989295,EE,109,node27
1732989296,O,109,head
1732989313,EE,82,node0
1732989313,EE,82,node3
1732989313,EE,82,node11
1732989313,EE,82,node12
1732989313,EE,82,node8
1732989313,EE,82,node10
1732989313,EE,82,node6
1732989313,EE,82,node4
1732989313,EE,82,node14
1732989313,EE,82,node2
1732989313,EE,82,node1
1732989313,EE,82,node15
1732989313,EE,82,node9
1732989313,EE,82,node7
1732989315,O,82,head
1732989315,R,86,head
1732989315,R,88,head
1732989315,R,205,head
1732989315,EB,86,node0
1732989315,EB,88,node8
1732989315,EB,205,node24
1732989315,EB,86,node7
1732989315,EB,86,node6
1732989315,EB,88,node13
1732989315,EB,86,node5
1732989315,EB,86,node1
1732989315,EB,205,node26
1732989315,EB,86,node4
1732989315,EB,205,node25
1732989315,EB,88,node9
1732989315,EB,86,node2
1732989315,EB,86,node3
1732989315,EB,88,node12
1732989315,EB,88,node10
1732989315,EB,88,node15
1732989315,EB,88,node14
1732989315,EB,205,node27
1732989315,EB,88,node11
1732989342,EE,151,node28
1732989343,EE,151,node31
1732989344,O,151,head
1732989344,R,236,head
1732989344,EB,236,node28
1732989344,EB,236,node29
1732989396,EE,236,node28
1732989397,EE,236,node31
1732989397,EE,236,node30
1732989398,O,236,head
1732989398,R,255,head
1732989398,EB,255,node28
1732989398,EB,255,node31
1732989398,EB,255,node30
1732989449,EE,255,node28
1732989449,EE,255,node30
1732989449,EE,255,node29
1732989449,EE,255,node31
1732989450,O,255,head
1732989463,EE,88,node8
1732989464,EE,88,node10
1732989464,EE,88,node14
1732989464,EE,88,node13
1732989464,EE,88,node11
1732989464,EE,88,node9
1732989464,EE,88,node12
1732989465,O,88,head
1732989485,EE,205,node24
1732989486,EE,205,node27
1732989486,EE,205,node26
1732989486,EE,205,node25
1732989487,O,205,head
1732989487,R,89,head
1732989487,EB,89,node8
1732989487,EB,89,node15
1732989487,EB,89,node10
1732989487,EB,89,node14
1732989487,EB,89,node28
1732989487,EB,89,node24
1732989487,EB,89,node9
1732989487,EB,89,node11
1732989487,EB,89,node12
1732989487,EB,89,node26
1732989487,EB,89,node27
1732989487,EB,89,node29
1732989487,EB,89,node13
1732989678,EE,86,node0
1732989679,EE,86,node3
1732989679,EE,86,node1
1732989679,EE,86,node7
1732989679,EE,86,node5
1732989680,O,86,head
1732989680,R,92,head
1732989680,EB,92,node0
1732989680,EB,92,node5
1732989680,EB,92,node3
1732989680,EB,92,node1
1732989680,EB,92,node6
1732989682,EE,85,node16
1732989682,EE,85,node21
1732989682,EE,85,node20
1732989682,EE,85,node22
1732989682,EE,85,node18
1732989682,EE,85,node23
1732989682,EE,85,node19
1732989682,EE,85,node17
1732989683,O,85,head
1732989683,R,93,head
1732989683,R,96,head
1732989684,EB,93,node16
1732989684,EB,96,node20
1732989684,EB,93,node18
1732989684,EB,93,node19
1732989684,EB,96,node22
1732989684,EB,96,node23
1732989684,EB,93,node17
1732989684,EB,96,node21
1732989752,EE,89,node8
1732989752,EE,89,node28
1732989752,EE,89,node10
1732989752,EE,89,node13
1732989752,EE,89,node24
1732989752,EE,89,node26
1732989752,EE,89,node25
1732989752,EE,89,node15
1732989752,EE,89,node27
1732989752,EE,89,node30
1732989752,EE,89,node29
1732989752,EE,89,node12
1732989752,EE,89,node14
1732989752,EE,89,node31
1732989752,EE,89,node9
1732989753,O,89,head
1732989753,R,97,head
1732989753,EB,97,node8
1732989753,EB,97,node14
1732989753,EB,97,node29
1732989753,EB,97,node13
1732989753,EB,97,node12
1732989753,EB,97,node11
1732989753,EB,97,node26
1732989753,EB,97,node31
1732989753,EB,97,node30
1732989753,EB,97,node25
1732989753,EB,97,node9
1732989753,EB,97,node15
1732989753,EB,97,node28
1732989855,EE,92,node0
1732989855,EE,92,node1
1732989855,EE,92,node4
1732989855,EE,92,node2
1732989855,EE,92,node3
1732989855,EE,92,node5
1732989855,EE,92,node7
1732989856,O,92,head
1732989856,R,99,head
1732989856,EB,99,node0
1732989856,EB,99,node6
1732989856,EB,99,node2
1732989856,EB,99,node3
1732989949,EE,93,node16
1732989949,EE,93,node19
1732989949,EE,93,node17
1732989949,EE,93,node18
1732989950,O,93,head
1732989950,R,107,head
1732989951,EB,107,node16
1732989951,EB,107,node18
1732989951,EB,107,node17
1732990038,EE,96,node20
1732990038,EE,96,node21
1732990038,EE,96,node22
1732990040,O,96,head
1732990040,R,224,head
1732990040,EB,224,node20
1732990040,EB,224,node22
1732990040,EB,224,node23
1732990186,EE,224,node20
1732990187,EE,224,node23
1732990187,EE,224,node22
1732990188,O,224,head
1732990197,EE,107,node16
1732990197,EE,107,node17
1732990199,O,107,head
1732990263,EE,99,node0
1732990263,EE,99,node7
1732990263,EE,99,node3
1732990263,EE,99,node1
1732990263,EE,99,node2
1732990263,EE,99,node4
1732990263,EE,99,node6
1732990264,O,99,head
1732990264,R,100,head
1732990264,EB,100,node0
1732990264,EB,100,node20
1732990264,EB,100,node1
1732990264,EB,100,node5
1732990264,EB,100,node17
1732990264,EB,100,node3
1732990264,EB,100,node7
1732990264,EB,100,node21
1732990264,EB,100,node23
1732990264,EB,100,node4
1732990264,EB,100,node18
1732990264,EB,100,node2
1732990264,EB,100,node6
1732990273,EE,97,node8
1732990273,EE,97,node30
1732990273,EE,97,node9
1732990273,EE,97,node24
1732990273,EE,97,node12
1732990273,EE,97,node15
1732990273,EE,97,node29
1732990273,EE,97,node13
1732990273,EE,97,node11
1732990273,EE,97,node10
1732990273,EE,97,node14
1732990273,EE,97,node26
1732990273,EE,97,node28
1732990273,EE,97,node27
1732990274,O,97,head
1732990274,R,101,head
1732990274,R,103,head
1732990274,EB,101,node8
1732990274,EB,103,node24
1732990274,EB,101,node10
1732990274,EB,103,node29
1732990274,EB,103,node27
1732990274,EB,101,node14
1732990274,EB,101,node15
1732990274,EB,103,node30
1732990274,EB,101,node11
1732990274,EB,103,node28
1732990274,EB,103,node25
1732990274,EB,103,node31
1732990536,EE,101,node8
1732990536,EE,101,node12
1732990536,EE,101,node14
1732990536,EE,101,node10
1732990536,EE,101,node9
1732990536,EE,101,node13
1732990537,O,101,head
1732990545,EE,103,node24
1732990545,EE,103,node25
1732990545,EE,103,node27
1732990545,EE,103,node30
1732990545,EE,103,node28
1732990545,EE,103,node26
1732990545,EE,103,node31
1732990545,EE,103,node29
1732990546,O,103,head
1732990546,R,102,head
1732990546,EB,102,node8
1732990546,EB,102,node15
1732990546,EB,102,node24
1732990546,EB,102,node9
1732990546,EB,102,node14
1732990546,EB,102,node25
1732990546,EB,102,node13
1732990546,EB,102,node28
1732990546,EB,102,node11
1732990546,EB,102,node27
1732990546,EB,102,node31
1732990546,EB,102,node30
1732990546,EB,102,node29
1732990670,EE,100,node0
1732990670,EE,100,node1
1732990670,EE,100,node7
1732990670,EE,100,node20
1732990670,EE,100,node3
1732990670,EE,100,node4
1732990670,EE,100,node2
1732990670,EE,100,node19
1732990670,EE,100,node18
1732990670,EE,100,node21
1732990670,EE,100,node22
1732990670,EE,100,node5
1732990670,EE,100,node6
1732990670,EE,100,node17
1732990671,O,100,head
1732990671,R,106,head
1732990671,R,110,head
1732990671,EB,106,node0
1732990671,EB,110,node16
1732990671,EB,110,node17
1732990671,EB,110,node23
1732990671,EB,106,node5
1732990671,EB,110,node21
1732990671,EB,106,node1
1732990671,EB,106,node7
1732990671,EB,106,node2
1732990671,EB,106,node6
1732990671,EB,110,node19
1732990671,EB,106,node3
1732990671,EB,110,node20
1732990818,EE,110,node16
1732990818,EE,110,node17
1732990818,EE,110,node20
1732990818,EE,110,node22
1732990818,EE,110,node21
1732990818,EE,110,node19
1732990818,EE,110,node18
1732990819,O,110,head
1732990819,R,114,head
1732990819,R,160,head
1732990819,EB,114,node16
1732990819,EB,160,node20
1732990819,EB,114,node19
1732990819,EB,114,node18
1732990819,EB,160,node21
1732990819,EB,160,node22
1732990819,EB,160,node23
1732991078,EE,160,node20
1732991078,EE,160,node21
1732991078,EE,160,node23
1732991078,EE,160,node22
1732991079,O,160,head
1732991134,EE,102,node8
1732991134,EE,102,node31
1732991134,EE,102,node29
1732991134,EE,102,node27
1732991134,EE,102,node11
1732991134,EE,102,node14
1732991134,EE,102,node13
1732991134,EE,102,node24
1732991134,EE,102,node25
1732991134,EE,102,node28
1732991134,EE,102,node26
1732991134,EE,102,node9
1732991134,EE,102,node30
1732991134,EE,102,node12
1732991135,O,102,head
1732991135,R,115,head
1732991135,R,117,head
1732991135,EB,115,node8
1732991135,EB,117,node31
1732991136,EB,117,node30
1732991136,EB,117,node29
1732991136,EB,115,node20
1732991136,EB,115,node13
1732991136,EB,115,node22
1732991136,EB,115,node10
1732991136,EB,115,node15
1732991136,EB,115,node12
1732991136,EB,115,node14
1732991136,EB,115,node24
1732991136,EB,115,node9
1732991136,EB,115,node21
1732991136,EB,115,node26
1732991136,EB,115,node25
1732991136,EB,115,node11
1732991189,EE,115,node8
1732991189,EE,115,node20
1732991189,EE,115,node13
1732991189,EE,115,node22
1732991189,EE,115,node25
1732991189,EE,115,node21
1732991189,EE,115,node10
1732991189,EE,115,node15
1732991189,EE,115,node23
1732991189,EE,115,node9
1732991189,EE,115,node27
1732991189,EE,115,node26
1732991189,EE,115,node14
1732991189,EE,115,node11
1732991190,O,115,head
1732991190,R,116,head
1732991190,EB,116,node8
1732991191,EB,116,node10
1732991191,EB,116,node15
1732991191,EB,116,node27
1732991191,EB,116,node23
1732991191,EB,116,node21
1732991191,EB,116,node14
1732991191,EB,116,node26
1732991191,EB,116,node11
1732991191,EB,116,node13
1732991191,EB,116,node9
1732991412,EE,114,node16
1732991412,EE,114,node17
1732991412,EE,114,node18
1732991413,EE,106,node0
1732991413,EE,106,node7
1732991413,EE,106,node2
1732991413,EE,106,node1
1732991413,EE,106,node6
1732991413,EE,106,node5
1732991413,EE,106,node3
1732991413,O,114,head
1732991413,R,121,head
1732991413,EB,121,node16
1732991414,EB,121,node17
1732991414,EB,121,node19
1732991414,O,106,head
1732991414,R,131,head
1732991414,EB,131,node0
1732991414,EB,131,node7
1732991414,EB,131,node3
1732991414,EB,131,node6
1732991414,EB,131,node1
1732991569,EE,116,node8
1732991569,EE,116,node9
1732991569,EE,116,node26
1732991569,EE,116,node24
1732991569,EE,116,node11
1732991569,EE,116,node12
1732991569,EE,116,node15
1732991569,EE,116,node23
1732991569,EE,116,node22
1732991569,EE,116,node20
1732991569,EE,116,node25
1732991570,EE,131,node0
1732991570,EE,131,node4
1732991570,EE,131,node5
1732991570,EE,131,node1
1732991570,EE,131,node3
1732991570,O,116,head
1732991571,R,118,head
1732991571,EB,118,node8
1732991571,EB,118,node11
1732991571,EB,118,node20
1732991571,EB,118,node23
1732991571,EB,118,node22
1732991571,EB,118,node27
1732991571,EB,118,node10
1732991571,EB,118,node13
1732991571,EB,118,node25
1732991571,EB,118,node15
1732991571,EB,118,node26
1732991571,O,131,head
1732991571,R,180,head
1732991571,EB,180,node0
1732991571,EB,180,node3
1732991571,EB,180,node4
1732991571,EB,180,node2
1732991571,EB,180,node5
1732991571,EB,180,node1
1732991571,EB,180,node6
1732991571,EB,180,node7
1732991722,EE,180,node0
1732991722,EE,180,node1
1732991722,EE,180,node2
1732991722,EE,180,node5
1732991722,EE,180,node6
1732991722,EE,180,node3
1732991722,EE,180,node4
1732991723,O,180,head
1732991736,EE,118,node8
1732991737,EE,118,node20
1732991737,EE,118,node27
1732991737,EE,118,node14
1732991737,EE,118,node25
1732991737,EE,118,node23
1732991737,EE,118,node24
1732991737,EE,118,node10
1732991737,EE,118,node13
1732991737,EE,118,node11
1732991737,EE,118,node26
1732991737,EE,118,node9
1732991737,EE,118,node22
1732991738,O,118,head
1732991738,R,122,head
1732991738,R,124,head
1732991738,R,127,head
1732991738,EB,124,node20
1732991738,EB,127,node24
1732991738,EB,124,node23
1732991738,EB,124,node22
1732991738,EB,127,node26
1732991738,EB,127,node27
1732991738,EB,127,node25
1732991738,EB,122,node5
1732991738,EB,122,node14
1732991738,EB,122,node9
1732991738,EB,122,node2
1732991738,EB,124,node21
1732991738,EB,122,node12
1732991738,EB,122,node15
1732991738,EB,122,node1
1732991738,EB,122,node4
1732991738,EB,122,node6
1732991738,EB,122,node7
1732991738,EB,122,node3
1732991738,EB,122,node8
1732991738,EB,122,node11
1732991738,EB,122,node13
1732991790,EE,122,node0
1732991790,EE,122,node11
1732991790,EE,122,node6
1732991790,EE,122,node7
1732991790,EE,122,node3
1732991790,EE,122,node1
1732991790,EE,122,node15
1732991790,EE,122,node5
1732991790,EE,122,node2
1732991790,EE,122,node13
1732991790,EE,122,node10
1732991790,EE,122,node12
1732991791,O,122,head
1732991791,R,123,head
1732991791,EB,123,node0
1732991791,EB,123,node2
1732991791,EB,123,node13
1732991791,EB,123,node12
1732991791,EB,123,node8
1732991791,EB,123,node15
1732991791,EB,123,node3
1732991791,EB,123,node14
1732991791,EB,123,node11
1732991791,EB,123,node4
1732991972,EE,117,node28
1732991972,EE,117,node30
1732991972,EE,117,node29
1732991972,EE,117,node31
1732991973,O,117,head
1732991973,R,147,head
1732991973,EB,147,node28
1732991974,EB,147,node31
1732991974,EB,147,node30
1732991992,EE,121,node16
1732991992,EE,121,node18
1732991992,EE,121,node19
1732991993,O,121,head
1732991993,R,154,head
1732991993,EB,154,node16
1732991994,EB,154,node19
1732991994,EB,154,node17
1732992122,EE,127,node24
1732992122,EE,127,node27
1732992122,EE,127,node26
1732992122,EE,127,node25
1732992123,O,127,head
1732992123,R,157,head
1732992123,EB,157,node24
1732992123,EB,157,node25
1732992123,EB,157,node27
1732992336,EE,147,node28
1732992336,EE,147,node30
1732992336,EE,147,node29
1732992337,O,147,head
1732992337,R,184,head
1732992337,EB,184,node28
1732992338,EB,184,node31
1732992353,EE,154,node16
1732992353,EE,154,node18
1732992353,EE,154,node19
1732992354,O,154,head
1732992354,R,254,head
1732992355,EB,254,node16
1732992355,EB,254,node18
1732992498,EE,157,node24
1732992498,EE,157,node25
1732992498,EE,157,node27
1732992499,O,157,head
1732992504,EE,254,node16
1732992504,EE,254,node19
1732992504,EE,254,node18
1732992504,EE,254,node17
1732992505,O,254,head
1732992540,EE,123,node0
1732992540,EE,123,node7
1732992540,EE,123,node8
1732992540,EE,123,node10
1732992540,EE,123,node15
1732992540,EE,123,node9
1732992540,EE,123,node14
1732992540,EE,123,node6
1732992540,EE,123,node4
1732992540,EE,123,node2
1732992541,O,123,head
1732992541,R,125,head
1732992541,EB,125,node0
1732992541,EB,125,node15
1732992541,EB,125,node3
1732992541,EB,125,node6
1732992541,EB,125,node11
1732992541,EB,125,node1
1732992541,EB,125,node8
1732992541,EB,125,node4
1732992541,EB,125,node13
1732992541,EB,125,node2
1732992623,EE,124,node20
1732992623,EE,124,node21
1732992623,EE,124,node23
1732992624,O,124,head
1732992634,EE,184,node28
1732992634,EE,184,node29
1732992634,EE,184,node30
1732992634,EE,184,node31
1732992635,O,184,head
1732992635,R,126,head
1732992636,EB,126,node16
1732992636,EB,126,node27
1732992636,EB,126,node24
1732992636,EB,126,node26
1732992636,EB,126,node29
1732992636,EB,126,node19
1732992636,EB,126,node22
1732992636,EB,126,node17
1732992636,EB,126,node18
1732992636,EB,126,node28
1732992636,EB,126,node30
1732992636,EB,126,node21
1732992636,EB,126,node25
1732992799,EE,126,node16
1732992799,EE,126,node31
1732992799,EE,126,node24
1732992799,EE,126,node28
1732992799,EE,126,node17
1732992799,EE,126,node25
1732992799,EE,126,node23
1732992799,EE,126,node21
1732992799,EE,126,node30
1732992799,EE,126,node20
1732992799,EE,126,node22
1732992799,EE,126,node29
1732992799,EE,126,node27
1732992801,O,126,head
1732992801,R,128,head
1732992801,R,129,head
1732992801,EB,128,node16
1732992801,EB,129,node24
1732992801,EB,129,node28
1732992801,EB,128,node22
1732992801,EB,128,node18
1732992801,EB,128,node23
1732992801,EB,129,node27
1732992801,EB,128,node17
1732992801,EB,129,node31
1732992801,EB,129,node25
1732992801,EB,128,node21
1732993154,EE,129,node24
1732993155,EE,129,node31
1732993155,EE,129,node30
1732993155,EE,129,node26
1732993155,EE,129,node25
1732993155,EE,129,node28
1732993155,EE,129,node27
1732993156,O,129,head
1732993156,R,130,head
1732993156,EB,130,node24
1732993156,EB,130,node27
1732993156,EB,130,node26
1732993156,EB,130,node25
1732993156,EB,130,node31
1732993156,EB,130,node29
1732993353,EE,128,node16
1732993354,EE,128,node18
1732993354,EE,128,node23
1732993354,EE,128,node17
1732993354,EE,128,node19
1732993354,EE,128,node20
1732993355,O,128,head
1732993355,R,137,head
1732993355,EB,137,node16
1732993355,EB,137,node20
1732993355,EB,137,node17
1732993355,EB,137,node22
1732993411,EE,125,node0
1732993411,EE,125,node12
1732993411,EE,125,node3
1732993411,EE,125,node5
1732993411,EE,125,node13
1732993411,EE,125,node15
1732993411,EE,125,node4
1732993411,EE,125,node11
1732993411,EE,125,node6
1732993411,EE,125,node7
1732993411,EE,125,node2
1732993411,EE,125,node8
1732993411,EE,125,node1
1732993412,O,125,head
1732993412,R,141,head
1732993412,EB,141,node0
1732993412,EB,141,node9
1732993412,EB,141,node6
1732993412,EB,141,node11
1732993412,EB,141,node4
1732993412,EB,141,node2
1732993412,EB,141,node10
1732993412,EB,141,node15
1732993412,EB,141,node8
1732993412,EB,141,node14
1732993412,EB,141,node13
1732993412,EB,141,node12
1732993412,EB,141,node7
1732993473,EE,141,node0
1732993473,EE,141,node7
1732993473,EE,141,node9
1732993473,EE,141,node2
1732993473,EE,141,node4
1732993473,EE,141,node8
1732993473,EE,141,node5
1732993473,EE,141,node3
1732993473,EE,141,node14
1732993473,EE,141,node12
1732993473,EE,141,node6
1732993473,EE,141,node15
1732993474,O,141,head
1732993474,R,142,head
1732993474,EB,142,node0
1732993475,EB,142,node3
1732993475,EB,142,node9
1732993475,EB,142,node15
1732993475,EB,142,node13
1732993475,EB,142,node14
1732993475,EB,142,node12
1732993475,EB,142,node5
1732993475,EB,142,node11
1732993475,EB,142,node10
1732993475,EB,142,node1
1732993722,EE,142,node0
1732993722,EE,142,node7
1732993722,EE,142,node12
1732993722,EE,142,node2
1732993722,EE,142,node11
1732993722,EE,142,node4
1732993722,EE,142,node15
1732993722,EE,142,node10
1732993722,EE,142,node5
1732993722,EE,142,node13
1732993722,EE,142,node9
1732993722,EE,142,node14
1732993722,EE,142,node6
1732993723,O,142,head
1732993723,R,150,head
1732993723,R,153,head
1732993723,EB,150,node0
1732993723,EB,153,node8
1732993724,EB,150,node5
1732993724,EB,150,node3
1732993724,EB,150,node4
1732993724,EB,153,node13
1732993724,EB,153,node15
1732993724,EB,153,node10
1732993724,EB,153,node14
1732993724,EB,153,node11
1732993724,EB,150,node1
1732993724,EB,150,node7
1732993933,EE,130,node24
1732993934,EE,130,node30
1732993934,EE,130,node29
1732993934,EE,130,node25
1732993934,EE,130,node26
1732993934,EE,130,node31
1732993935,O,130,head
1732993935,R,156,head
1732993935,EB,156,node24
1732993935,EB,156,node31
1732993935,EB,156,node25
1732993935,EB,156,node28
1732993935,EB,156,node26
1732993951,EE,137,node16
1732993951,EE,137,node18
1732993951,EE,137,node19
1732993951,EE,137,node21
1732993951,EE,137,node20
1732993951,EE,137,node17
1732993952,O,137,head
1732994007,EE,153,node8
1732994007,EE,153,node10
1732994007,EE,153,node13
1732994007,EE,153,node11
1732994008,O,153,head
1732994008,R,161,head
1732994009,EB,161,node8
1732994009,EB,161,node16
1732994009,EB,161,node22
1732994009,EB,161,node21
1732994009,EB,161,node11
1732994009,EB,161,node20
1732994009,EB,161,node13
1732994009,EB,161,node15
1732994009,EB,161,node17
1732994009,EB,161,node18
1732994009,EB,161,node12
1732994009,EB,161,node10
1732994266,EE,150,node0
1732994266,EE,150,node6
1732994266,EE,150,node1
1732994266,EE,150,node3
1732994266,EE,150,node2
1732994266,EE,150,node4
1732994266,EE,150,node7
1732994267,O,150,head
1732994267,R,166,head
1732994267,R,181,head
1732994268,EB,166,node0
1732994268,EB,181,node4
1732994268,EB,166,node1
1732994268,EB,166,node2
1732994268,EB,166,node3
1732994268,EB,181,node5
1732994268,EB,181,node7
1732994268,EB,181,node6
1732994655,EE,181,node4
1732994655,EE,181,node5
1732994655,EE,181,node6
1732994655,EE,181,node7
1732994656,O,181,head
1732994667,EE,166,node0
1732994667,EE,166,node1
1732994667,EE,166,node3
1732994667,EE,166,node2
1732994668,O,166,head
1732994698,EE,156,node24
1732994698,EE,156,node31
1732994698,EE,156,node28
1732994698,EE,156,node29
1732994698,EE,156,node25
1732994698,EE,156,node26
1732994698,EE,156,node27
1732994698,EE,156,node30
1732994699,O,156,head
1732994699,R,163,head
1732994699,EB,163,node0
1732994699,EB,163,node26
1732994699,EB,163,node25
1732994699,EB,163,node29
1732994699,EB,163,node5
1732994699,EB,163,node31
1732994699,EB,163,node24
1732994699,EB,163,node1
1732994885,EE,161,node8
1732994885,EE,161,node18
1732994885,EE,161,node10
1732994885,EE,161,node22
1732994885,EE,161,node17
1732994885,EE,161,node19
1732994885,EE,161,node13
1732994885,EE,161,node9
1732994885,EE,161,node15
1732994885,EE,161,node12
1732994885,EE,161,node14
1732994885,EE,161,node21
1732994885,EE,161,node11
1732994885,EE,161,node23
1732994887,O,161,head
1732994887,R,168,head
1732994887,R,169,head
1732994887,R,185,head
1732994887,EB,168,node8
1732994887,EB,169,node12
1732994887,EB,185,node20
1732994887,EB,185,node23
1732994887,EB,169,node19
1732994887,EB,168,node11
1732994887,EB,168,node9
1732994887,EB,169,node14
1732994887,EB,169,node18
1732994887,EB,169,node16
1732994887,EB,169,node15
1732994887,EB,169,node13
1732994887,EB,185,node22
1732994887,EB,168,node10
1732994887,EB,185,node21
1732994887,EB,169,node17
1732995133,EE,185,node20
1732995134,EE,185,node21
1732995134,EE,185,node22
1732995135,O,185,head
1732995135,R,189,head
1732995135,EB,189,node20
1732995135,EB,189,node22
1732995153,EE,169,node12
1732995154,EE,169,node15
1732995154,EE,169,node14
1732995154,EE,169,node13
1732995154,EE,169,node16
1732995155,O,169,head
1732995155,R,170,head
1732995155,EB,170,node12
1732995155,EB,170,node18
1732995155,EB,170,node14
1732995155,EB,170,node15
1732995155,EB,170,node17
1732995155,EB,170,node19
1732995155,EB,170,node16
1732995221,EE,163,node0
1732995221,EE,163,node4
1732995221,EE,163,node2
1732995221,EE,163,node3
1732995221,EE,163,node24
1732995221,EE,163,node6
1732995221,EE,163,node29
1732995221,EE,163,node7
1732995221,EE,163,node30
1732995221,EE,163,node27
1732995221,EE,163,node5
1732995221,EE,163,node1
1732995221,EE,163,node26
1732995221,EE,163,node25
1732995222,O,163,head
1732995222,R,172,head
1732995222,EB,172,node0
1732995222,EB,172,node6
1732995222,EB,172,node1
1732995222,EB,172,node3
1732995222,EB,172,node29
1732995222,EB,172,node25
1732995222,EB,172,node28
1732995222,EB,172,node24
1732995222,EB,172,node27
1732995222,EB,172,node4
1732995222,EB,172,node2
1732995222,EB,172,node5
1732995394,EE,189,node20
1732995394,EE,189,node22
1732995394,EE,189,node21
1732995394,EE,189,node23
1732995395,O,189,head
1732995395,R,191,head
1732995395,EB,191,node20
1732995395,EB,191,node23
1732995395,EB,191,node22
1732995395,EB,191,node21
1732995399,EE,172,node0
1732995399,EE,172,node4
1732995399,EE,172,node30
1732995399,EE,172,node28
1732995399,EE,172,node5
1732995399,EE,172,node27
1732995399,EE,172,node1
1732995399,EE,172,node2
1732995399,EE,172,node6
1732995399,EE,172,node31
1732995399,EE,172,node26
1732995399,EE,172,node29
1732995399,EE,172,node3
1732995399,EE,172,node24
1732995400,O,172,head
1732995400,R,178,head
1732995400,R,193,head
1732995400,R,213,head
1732995400,EB,178,node0
1732995400,EB,193,node28
1732995400,EB,213,node24
1732995400,EB,193,node29
1732995400,EB,193,node31
1732995400,EB,193,node30
1732995400,EB,178,node5
1732995400,EB,178,node7
1732995400,EB,213,node25
1732995400,EB,178,node1
1732995400,EB,178,node2
1732995400,EB,178,node6
1732995400,EB,178,node4
1732995400,EB,213,node27
1732995400,EB,213,node26
1732995400,EB,178,node3
1732995637,EE,191,node20
1732995637,EE,191,node22
1732995637,EE,191,node23
1732995638,O,191,head
1732995678,EE,213,node24
1732995678,EE,213,node27
1732995678,EE,213,node26
1732995678,EE,213,node25
1732995679,O,213,head
1732995729,EE,170,node12
1732995729,EE,170,node16
1732995729,EE,170,node15
1732995729,EE,170,node19
1732995729,EE,170,node18
1732995729,EE,170,node17
1732995729,EE,168,node8
1732995730,EE,168,node10
1732995730,EE,168,node11
1732995730,O,170,head
1732995730,R,188,head
1732995730,EB,188,node12
1732995730,EB,188,node16
1732995730,EB,188,node17
1732995730,EB,188,node19
1732995730,EB,188,node23
1732995730,EB,188,node24
1732995730,EB,188,node18
1732995730,EB,188,node15
1732995730,EB,188,node21
1732995730,EB,188,node25
1732995730,EB,188,node20
1732995730,EB,188,node27
1732995730,EB,188,node14
1732995730,EB,188,node26
1732995731,O,168,head
1732995731,R,195,head
1732995731,R,196,head
1732995731,EB,195,node8
1732995731,EB,196,node10
1732995731,EB,195,node9
1732995731,EB,196,node11
1732996233,EE,193,node28
1732996233,EE,193,node31
1732996233,EE,193,node30
1732996234,O,193,head
1732996234,R,201,head
1732996234,R,208,head
1732996234,EB,201,node28
1732996234,EB,208,node30
1732996234,EB,201,node29
1732996234,EB,208,node31
1732996291,EE,188,node12
1732996291,EE,188,node18
1732996291,EE,188,node26
1732996291,EE,188,node27
1732996291,EE,188,node15
1732996291,EE,188,node20
1732996291,EE,188,node25
1732996291,EE,188,node14
1732996291,EE,188,node13
1732996291,EE,188,node22
1732996291,EE,188,node19
1732996291,EE,188,node24
1732996292,O,188,head
1732996292,R,190,head
1732996292,EB,190,node12
1732996292,EB,190,node13
1732996292,EB,190,node19
1732996292,EB,190,node15
1732996292,EB,190,node18
1732996299,EE,178,node0
1732996299,EE,178,node2
1732996299,EE,178,node1
1732996299,EE,178,node6
1732996299,EE,178,node7
1732996299,EE,178,node4
1732996299,EE,178,node5
1732996300,O,178,head
1732996300,R,194,head
1732996300,EB,194,node0
1732996300,EB,194,node22
1732996300,EB,194,node24
1732996300,EB,194,node26
1732996300,EB,194,node5
1732996300,EB,194,node20
1732996300,EB,194,node6
1732996300,EB,194,node21
1732996300,EB,194,node1
1732996300,EB,194,node27
1732996300,EB,194,node2
1732996586,EE,195,node8
1732996587,EE,195,node9
1732996587,EE,196,node10
1732996588,EE,196,node11
1732996588,O,195,head
1732996588,R,214,head
1732996588,EB,214,node8
1732996588,EB,214,node9
1732996589,O,196,head
1732996589,R,239,head
1732996589,EB,239,node10
1732996589,EB,239,node11
1732996608,EE,208,node30
1732996608,EE,208,node31
1732996609,O,208,head
1732996820,EE,201,node28
1732996820,EE,201,node29
1732996821,O,201,head
1732996848,EE,214,node8
1732996849,EE,214,node9
1732996850,O,214,head
1732996863,EE,239,node10
1732996863,EE,239,node11
1732996864,O,239,head
1732996866,EE,190,node12
1732996866,EE,190,node15
1732996866,EE,190,node16
1732996866,EE,190,node19
1732996866,EE,190,node14
1732996866,EE,190,node13
1732996866,EE,190,node17
1732996867,O,190,head
1732996867,R,200,head
1732996867,EB,200,node8
1732996867,EB,200,node16
1732996867,EB,200,node18
1732996867,EB,200,node12
1732996867,EB,200,node31
1732996867,EB,200,node14
1732996867,EB,200,node30
1732996867,EB,200,node10
1732996867,EB,200,node9
1732996867,EB,200,node15
1732996867,EB,200,node13
1732996867,EB,200,node19
1732996867,EB,200,node28
1732996867,EB,200,node17
1732997052,EE,194,node0
1732997052,EE,194,node2
1732997052,EE,194,node7
1732997052,EE,194,node5
1732997052,EE,194,node23
1732997052,EE,194,node22
1732997052,EE,194,node1
1732997052,EE,194,node26
1732997052,EE,194,node25
1732997052,EE,194,node27
1732997052,EE,194,node24
1732997052,EE,194,node6
1732997053,O,194,head
1732997053,R,204,head
1732997053,EB,204,node0
1732997054,EB,204,node23
1732997054,EB,204,node2
1732997054,EB,204,node22
1732997054,EB,204,node21
1732997054,EB,204,node26
1732997054,EB,204,node5
1732997054,EB,204,node1
1732997054,EB,204,node24
1732997054,EB,204,node7
1732997054,EB,204,node4
1732997054,EB,204,node20
1732997305,EE,204,node0
1732997305,EE,204,node21
1732997305,EE,204,node26
1732997305,EE,204,node6
1732997305,EE,204,node1
1732997305,EE,204,node25
1732997305,EE,204,node20
1732997305,EE,204,node3
1732997305,EE,204,node7
1732997305,EE,204,node22
1732997305,EE,204,node4
1732997305,EE,204,node24
1732997305,EE,204,node5
1732997305,EE,204,node27
1732997306,O,204,head
1732997306,R,207,head
1732997306,R,209,head
1732997306,R,210,head
1732997307,EB,207,node0
1732997307,EB,209,node4
1732997307,EB,210,node24
1732997307,EB,207,node1
1732997307,EB,207,node2
1732997307,EB,210,node27
1732997307,EB,210,node26
1732997307,EB,209,node21
1732997307,EB,209,node23
1732997307,EB,207,node3
1732997307,EB,209,node6
1732997307,EB,209,node7
1732997307,EB,209,node20
1732997307,EB,209,node22
1732997683,EE,200,node8
1732997683,EE,200,node14
1732997683,EE,200,node31
1732997683,EE,200,node30
1732997683,EE,200,node16
1732997683,EE,200,node28
1732997683,EE,200,node11
1732997683,EE,200,node9
1732997683,EE,200,node18
1732997683,EE,200,node12
1732997683,EE,200,node29
1732997684,O,200,head
1732997684,R,211,head
1732997684,EB,211,node8
1732997684,EB,211,node28
1732997684,EB,211,node15
1732997684,EB,211,node13
1732997684,EB,211,node12
1732997684,EB,211,node17
1732997684,EB,211,node9
1732997684,EB,211,node16
1732997684,EB,211,node14
1732997684,EB,211,node18
1732997684,EB,211,node11
1732997684,EB,211,node31
1732997684,EB,211,node10
1732997740,EE,211,node8
1732997740,EE,211,node30
1732997740,EE,211,node17
1732997740,EE,211,node11
1732997740,EE,211,node29
1732997740,EE,211,node19
1732997740,EE,211,node28
1732997740,EE,211,node16
1732997740,EE,211,node31
1732997740,EE,211,node12
1732997740,EE,211,node14
1732997740,EE,211,node18
1732997741,O,211,head
1732997741,R,212,head
1732997741,R,215,head
1732997741,R,217,head
1732997741,R,221,head
1732997741,EB,212,node8
1732997741,EB,217,node18
1732997741,EB,221,node28
1732997741,EB,212,node9
1732997741,EB,217,node19
1732997741,EB,215,node17
1732997741,EB,212,node11
1732997741,EB,212,node12
1732997741,EB,212,node10
1732997741,EB,221,node30
1732997741,EB,212,node15
1732997741,EB,221,node29
1732997741,EB,212,node13
1732997741,EB,221,node31
1732998003,EE,212,node8
1732998003,EE,212,node11
1732998003,EE,212,node14
1732998003,EE,212,node10
1732998003,EE,212,node15
1732998004,O,212,head
1732998004,R,232,head
1732998004,EB,232,node8
1732998005,EB,232,node11
1732998005,EB,232,node15
1732998005,EB,232,node9
1732998005,EB,232,node14
1732998005,EB,232,node13
1732998113,EE,210,node24
1732998113,EE,210,node27
1732998113,EE,210,node25
1732998113,EE,210,node26
1732998114,EE,207,node0
1732998114,EE,207,node1
1732998114,EE,207,node3
1732998114,EE,207,node2
1732998114,O,210,head
1732998114,R,225,head
1732998114,R,227,head
1732998115,EB,225,node24
1732998115,EB,227,node26
1732998115,EB,225,node25
1732998115,EB,227,node27
1732998115,O,207,head
1732998156,EE,215,node16
1732998156,EE,215,node17
1732998157,O,215,head
1732998157,R,244,head
1732998157,EB,244,node16
1732998158,EB,244,node17
1732998173,EE,232,node8
1732998173,EE,232,node15
1732998173,EE,232,node14
1732998173,EE,232,node9
1732998173,EE,232,node11
1732998174,O,232,head
1732998180,EE,209,node4
1732998180,EE,209,node20
1732998180,EE,209,node21
1732998180,EE,209,node22
1732998180,EE,209,node5
1732998180,EE,209,node23
1732998181,O,209,head
1732998181,R,219,head
1732998182,R,226,head
1732998182,EB,219,node0
1732998182,EB,226,node20
1732998182,EB,226,node23
1732998182,EB,226,node22
1732998182,EB,219,node9
1732998182,EB,219,node8
1732998182,EB,219,node4
1732998182,EB,219,node13
1732998182,EB,219,node11
1732998182,EB,219,node15
1732998182,EB,219,node12
1732998182,EB,219,node10
1732998182,EB,219,node2
1732998182,EB,219,node6
1732998182,EB,219,node7
1732998182,EB,219,node3
1732998271,EE,217,node18
1732998271,EE,217,node19
1732998272,O,217,head
1732998290,EE,221,node28
1732998290,EE,221,node30
1732998290,EE,221,node31
1732998291,O,221,head
1732998291,R,240,head
1732998291,EB,240,node18
1732998292,EB,240,node29
1732998292,EB,240,node19
1732998459,EE,244,node16
1732998459,EE,244,node17
1732998460,O,244,head
1732998460,R,241,head
1732998460,EB,241,node16
1732998461,EB,241,node31
1732998461,EB,241,node30
1732998502,EE,225,node24
1732998502,EE,225,node25
1732998503,O,225,head
1732998525,EE,219,node0
1732998526,EE,219,node15
1732998526,EE,219,node4
1732998526,EE,219,node6
1732998526,EE,219,node13
1732998526,EE,219,node11
1732998526,EE,219,node1
1732998526,EE,219,node12
1732998526,EE,219,node8
1732998526,EE,219,node9
1732998526,EE,219,node7
1732998526,EE,219,node10
1732998526,EE,219,node3
1732998526,EE,219,node5
1732998527,O,219,head
1732998527,R,223,head
1732998527,EB,223,node0
1732998527,EB,223,node7
1732998527,EB,223,node9
1732998527,EB,223,node2
1732998527,EB,223,node8
1732998527,EB,223,node6
1732998527,EB,223,node14
1732998527,EB,223,node12
1732998527,EB,223,node15
1732998527,EB,223,node5
1732998527,EB,223,node1
1732998527,EB,223,node4
1732998527,EB,223,node3
1732998570,EE,226,node20
1732998571,EE,226,node22
1732998571,EE,226,node21
1732998571,EE,226,node23
1732998572,O,226,head
1732998572,R,248,head
1732998572,EB,248,node20
1732998572,EB,248,node22
1732998572,EB,248,node23
1732998572,EB,248,node21
1732998583,EE,223,node0
1732998583,EE,223,node1
1732998583,EE,223,node4
1732998583,EE,223,node7
1732998583,EE,223,node9
1732998583,EE,223,node12
1732998583,EE,223,node13
1732998583,EE,223,node3
1732998583,EE,223,node6
1732998583,EE,223,node8
1732998583,EE,223,node15
1732998583,EE,223,node5
1732998583,EE,223,node10
1732998584,O,223,head
1732998584,R,229,head
1732998584,EB,229,node0
1732998584,EB,229,node5
1732998584,EB,229,node7
1732998584,EB,229,node3
1732998584,EB,229,node1
1732998584,EB,229,node4
1732998584,EB,229,node2
1732998631,EE,240,node18
1732998631,EE,240,node29
1732998631,EE,240,node28
1732998631,EE,240,node19
1732998632,O,240,head
1732998752,EE,241,node16
1732998752,EE,241,node30
1732998752,EE,241,node17
1732998752,EE,241,node31
1732998753,O,241,head
1732998753,R,230,head
1732998753,EB,230,node8
1732998754,EB,230,node25
1732998754,EB,230,node29
1732998754,EB,230,node19
1732998754,EB,230,node12
1732998754,EB,230,node24
1732998754,EB,230,node14
1732998754,EB,230,node16
1732998754,EB,230,node17
1732998754,EB,230,node18
1732998754,EB,230,node11
1732998911,EE,227,node26
1732998911,EE,227,node27
1732998912,O,227,head
1732998912,R,251,head
1732998913,EB,251,node26
1732998913,EB,251,node31
1732998913,EB,251,node30
1732999014,EE,230,node8
1732999014,EE,230,node29
1732999014,EE,230,node19
1732999014,EE,230,node9
1732999014,EE,230,node25
1732999014,EE,230,node13
1732999014,EE,230,node14
1732999014,EE,230,node28
1732999014,EE,230,node12
1732999014,EE,230,node15
1732999014,EE,230,node11
1732999014,EE,230,node16
1732999014,EE,230,node18
1732999015,O,230,head
1732999015,R,235,head
1732999016,R,237,head
1732999016,EB,235,node8
1732999016,EB,237,node16
1732999016,EB,235,node11
1732999016,EB,235,node12
1732999016,EB,235,node9
1732999016,EB,235,node15
1732999016,EB,235,node10
1732999016,EB,237,node29
1732999016,EB,237,node18
1732999016,EB,237,node19
1732999016,EB,237,node28
1732999016,EB,237,node24
1732999016,EB,237,node17
1732999152,EE,248,node20
1732999153,EE,248,node21
1732999153,EE,248,node23
1732999153,EE,248,node22
1732999154,O,248,head
1732999154,R,252,head
1732999154,EB,252,node20
1732999154,EB,252,node21
1732999154,EB,252,node23
1732999154,EB,252,node22
1732999179,EE,235,node8
1732999179,EE,235,node12
1732999179,EE,235,node9
1732999179,EE,235,node14
1732999180,EE,235,node10
1732999180,EE,235,node15
1732999180,EE,235,node11
1732999181,O,235,head
1732999181,R,238,head
1732999181,EB,238,node8
1732999181,EB,238,node9
1732999181,EB,238,node15
1732999181,EB,238,node12
1732999181,EB,238,node11
1732999347,EE,229,node0
1732999347,EE,229,node1
1732999347,EE,229,node5
1732999347,EE,229,node4
1732999347,EE,229,node3
1732999348,O,229,head
1732999473,EE,238,node8
1732999474,EE,238,node12
1732999474,EE,238,node13
1732999474,EE,238,node15
1732999474,EE,238,node9
1732999474,EE,238,node14
1732999474,EE,238,node10
1732999475,O,238,head
1732999475,R,246,head
1732999475,EB,246,node0
1732999475,EB,246,node3
1732999475,EB,246,node12
1732999475,EB,246,node4
1732999475,EB,246,node2
1732999475,EB,246,node1
1732999475,EB,246,node11
1732999475,EB,246,node14
1732999475,EB,246,node7
1732999475,EB,246,node9
1732999475,EB,246,node10
1732999532,EE,246,node0
1732999532,EE,246,node10
1732999532,EE,246,node6
1732999532,EE,246,node13
1732999532,EE,246,node3
1732999532,EE,246,node2
1732999532,EE,246,node5
1732999532,EE,246,node7
1732999532,EE,246,node8
1732999532,EE,246,node4
1732999532,EE,246,node1
1732999532,EE,246,node11
1732999532,EE,246,node14
1732999532,EE,246,node15
1732999532,EE,246,node12
1732999532,EE,246,node9
1732999533,O,246,head
1732999533,R,249,head
1732999533,EB,249,node0
1732999533,EB,249,node3
1732999533,EB,249,node4
1732999533,EB,249,node5
1732999533,EB,249,node1
1732999577,EE,237,node16
1732999577,EE,237,node28
1732999577,EE,237,node24
1732999577,EE,237,node18
1732999578,EE,237,node25
1732999578,EE,237,node29
1732999578,EE,237,node17
1732999579,O,237,head
1732999579,R,250,head
1732999579,EB,250,node8
1732999579,EB,250,node14
1732999579,EB,250,node17
1732999579,EB,250,node13
1732999579,EB,250,node24
1732999579,EB,250,node10
1732999579,EB,250,node29
1732999579,EB,250,node25
1732999579,EB,250,node9
1732999579,EB,250,node28
1732999579,EB,250,node12
1732999579,EB,250,node16
1732999780,EE,251,node26
1732999780,EE,251,node27
1732999781,O,251,head
1732999922,EE,250,node8
1732999923,EE,250,node10
1732999923,EE,250,node14
1732999923,EE,250,node28
1732999923,EE,250,node17
1732999923,EE,250,node19
1732999923,EE,250,node24
1732999923,EE,250,node15
1732999923,EE,250,node9
1732999923,EE,250,node13
1732999923,EE,250,node18
1732999923,EE,250,node29
1732999923,EE,250,node12
1732999923,EE,250,node11
1732999924,O,250,head
1732999924,R,256,head
1732999924,EB,256,node8
1732999924,EB,256,node14
1732999924,EB,256,node10
1732999924,EB,256,node9
1732999924,EB,256,node13
1732999937,EE,249,node0
1732999937,EE,249,node1
1732999937,EE,249,node3
1732999937,EE,249,node5
1732999937,EE,249,node4
1732999937,EE,249,node7
1732999937,EE,249,node6
1732999937,EE,249,node2
1732999938,O,249,head
1732999954,EE,252,node20
1732999954,EE,252,node21
1732999954,EE,252,node22
1732999954,EE,252,node23
1732999955,O,252,head
1733000289,EE,256,node8
1733000289,EE,256,node10
1733000289,EE,256,node13
1733000289,EE,256,node9
1733000289,EE,256,node15
1733000289,EE,256,node12
1733000289,EE,256,node14
1733000290,O,256,head
